Aircraft,Speed_kmh,FuelFlow_kgph
Cessna_172,226,24
Cessna_182,260,30
Piper_PA28,215,22
Diamond_DA40,240,26
Cirrus_SR20,250,29
Cirrus_SR22,300,36
Beech_Bonanza,285,34
Mooney_M20,290,33
Pilatus_PC12,520,780
Beechcraft_KingAir_200,540,900
ATR_72,510,950
Dash8_Q400,610,1100
Embraer_E175,820,1600
Embraer_E190,830,1800
CRJ700,780,1500
CRJ900,800,1650
Airbus_A320,840,2600
Boeing_737_800,845,2700
Boeing_737_MAX8,850,2550
Airbus_A321neo,840,2650
Gulfstream_G550,900,1500
Gulfstream_G650,904,1600
Cessna_Citation_X,950,1400
Bombardier_Global_6000,902,1550
TBM_940,555,650
PC12_NG,528,820
KingAir_350i,575,980
Boeing_737_900ER,850,2850
Airbus_A320neo,840,2500
Embraer_Phenom_300,839,1100

