x, y
-1931496.8611619927, 82.69699041587198
3408084.5085451086, 59.96797293893267
3408084.5085451086, 59.96797293893267
457161.8265132519, 80.53726294576991
457161.8265132519, 80.53726294576991
706075.5336617406, 80.53726294576991
706075.5336617406, 80.53726294576991
894346.5348295424, 80.53726294576991
894346.5348295424, 80.53726294576991
1034779.1550331075, 80.57264864994542
1034779.1550331075, 80.57264864994542
1206155.5606930933, 80.67520721628462
1206155.5606930933, 80.67520721628462
1206155.5606930933, 80.67520721628462
1301654.4847741164, 80.67520721628462
1478958.8186824587, 80.57744671152854
1478958.8186824587, 80.57744671152854
1693846.2176853812, 80.57684695383065
2051241.0117787935, 80.64761836218167
788888.6912912807, 70.47932635215373
1123816.637323422, 70.31139419674452
1319141.873106768, 70.31139419674452
1533140.0828724368, 70.31139419674452
1678137.2078272365, 70.36777142034617
1826750.3690135335, 70.34018256624324
1985974.5217643885, 70.47752707906005
2141938.313978648, 70.2940012235057
2366606.7945913584, 70.46433240970647
2633719.2414623015, 70.36117408566939
3150101.0711766346, 70.49072174841363
979649.4223233922, 60.20187844110979
1254349.6173522316, 60.13590509434189
1634033.4216594642, 60.24026293377475
1848505.8656850017, 60.19588086413089
2050766.777518925, 60.115513332613624
2200921.2000497947, 60.07113126296976
2350423.550473345, 60.18568498326676
2490144.8192871073, 60.18568498326676
2641544.106750132, 60.21507311046337
2816536.548641615, 60.26005493780512
3103448.275862069, 60.26005493780512
3919723.9956607567, 60.255256876222006
4640145.11568352, 60.29304161118908
1761009.6447392602, 50.50439622392553
2115203.35757856, 50.50439622392553
2342835.802315449, 50.50439622392553
2507632.2076197593, 50.62014945961831
2665848.6125683933, 50.531385320330585
2769113.1226547635, 50.48700325068672
2942386.4653542233, 50.48700325068672
3048911.3359771892, 50.56857029759977
3188632.6047909516, 50.47500809672892
3340209.730101427, 50.54517974738206
3571576.7696347805, 50.66093298307484
3831872.0990201137, 50.621948732711985
4109239.861760713, 50.69451941415668
4465982.583746807, 50.657334436887496
2323451.476943323, 41.07560545539602
2610303.9248812934, 41.031223385752156
2965564.6648052973, 41.08040351697914
3146188.638532719, 41.08040351697914
3297469.367430777, 41.08040351697914
3440747.3931935527, 41.08040351697914
3599793.7080969573, 41.1253853443209
3726473.5347643355, 41.1253853443209
3854161.109233934, 41.1253853443209
4015341.4783067466, 41.1253853443209
4210192.479830224, 41.1253853443209
4739852.868820876, 41.12358607122722
5473433.989554991, 41.101994794103184
6028050.956471223, 41.20035505655715
6053303.930809221, 50.70951335660393
6030896.362030434, 30.745378866937756
7355847.604820591, 30.90251538378495