Radius Mean,Texture Mean,Perimeter Mean,Area Mean,Smoothness Mean,Class
4.712,0.726,15.987,17.836,0.285,0
4.316,0.144,15.817,17.921,0.225,0
4.992,0.258,16.413,17.230,0.240,0
4.456,0.217,14.926,17.069,0.160,0
9.124,1.099,8.844,32.105,0.667,1
7.892,0.209,25.210,50.625,0.460,1
5.216,0.382,16.109,26.194,0.159,0
3.893,1.598,13.533,42.094,0.400,1
5.698,0.826,13.011,47.456,0.551,1
6.535,0.293,8.786,31.378,0.632,1
9.510,1.167,17.257,26.418,0.593,1
5.470,0.947,18.127,20.255,0.180,0
3.842,0.480,11.863,18.329,0.167,0
4.698,0.113,13.574,25.078,0.209,0
4.398,0.112,15.810,21.372,0.185,0
5.159,0.210,15.269,13.079,0.130,0
6.103,0.704,20.143,28.591,0.499,1
5.576,0.549,17.088,27.495,0.208,0
9.657,0.727,15.003,27.533,0.603,1
4.886,0.133,12.344,16.144,0.199,0
5.642,0.278,14.134,17.936,0.244,0
6.449,0.825,16.446,24.431,0.305,1
4.944,0.124,15.979,18.326,0.249,0
7.060,1.023,16.251,31.467,0.234,1
5.566,0.377,12.623,20.268,0.116,0
5.761,0.333,15.009,16.527,0.141,0
4.728,0.216,13.229,19.733,0.198,0
3.932,0.327,14.516,19.054,0.202,0
6.263,0.992,12.598,38.746,0.445,1
7.524,0.754,19.404,30.687,0.296,1
4.542,0.021,16.450,22.082,0.303,0
4.457,0.103,17.170,16.010,0.312,0
3.847,1.147,18.311,44.477,0.436,1
8.554,0.933,17.407,38.682,0.658,1
4.656,0.330,12.941,33.698,0.419,1
5.030,0.543,17.478,13.222,0.109,0
5.607,0.462,15.065,20.304,0.127,0
5.017,0.053,13.688,16.817,0.225,0
5.097,0.323,16.807,16.772,0.175,0
5.487,1.466,-0.242,21.194,0.451,1
8.011,0.898,20.578,38.654,0.407,1
4.376,0.214,17.369,28.807,0.302,0
7.711,1.456,21.306,31.015,0.457,1
4.228,0.310,14.271,15.654,0.105,0
5.059,0.459,16.196,28.010,0.208,0
4.966,0.332,12.393,15.030,0.230,0
5.913,0.219,23.394,30.855,0.283,1
7.234,0.620,11.428,28.414,0.488,1
3.526,0.024,14.106,14.710,0.159,0
10.029,1.581,23.050,45.363,0.331,1
4.901,0.611,15.495,21.598,0.294,0
4.840,0.104,16.522,26.531,0.130,0
5.672,0.107,16.422,14.713,0.150,0
5.511,0.264,14.127,20.426,0.162,0
4.408,0.145,14.939,15.697,0.145,0
4.761,0.096,10.808,21.258,0.151,0
5.479,0.587,14.980,36.411,0.214,1
5.174,0.043,17.894,19.917,0.183,0
4.862,0.186,17.093,15.567,0.124,0
6.282,0.319,19.455,33.430,0.546,1
4.809,0.482,14.084,20.899,0.209,0
10.125,0.559,17.243,72.209,0.529,1
6.448,0.582,19.931,35.463,0.397,1
5.785,0.252,16.671,17.976,0.114,0
7.464,0.931,22.676,24.244,0.366,1
5.920,1.002,13.373,18.648,0.218,0
6.256,0.413,12.188,32.016,0.626,1
8.268,0.631,16.865,41.158,0.675,1
7.934,0.549,18.677,27.711,0.313,1
4.973,0.350,15.804,14.162,0.168,0
6.352,0.872,21.666,37.223,0.718,1
5.094,0.050,14.015,17.047,0.119,0
9.071,0.994,16.066,31.828,0.186,1
4.400,0.103,14.831,21.702,0.175,0
5.244,0.180,14.489,15.751,0.248,0
5.149,0.173,12.259,17.109,0.235,0
5.072,0.266,15.986,27.048,0.200,0
9.945,1.191,19.166,31.891,0.298,1
4.328,0.330,13.963,19.481,0.295,0
6.661,1.497,11.778,31.712,0.467,1
4.064,0.083,14.879,19.699,0.273,0
6.511,0.262,13.240,39.970,0.645,1
6.400,0.720,27.921,41.297,0.231,1
11.061,0.494,25.272,29.463,0.483,1
6.477,1.311,15.829,49.811,0.476,1
5.235,0.062,15.716,28.406,0.130,0
8.367,0.510,17.450,29.839,0.444,1
9.130,0.740,24.430,37.047,0.311,1
4.810,0.366,13.099,27.933,0.266,0
8.619,0.363,21.558,28.202,0.488,1
4.912,0.345,15.939,25.131,0.211,0
5.077,0.274,13.061,13.939,0.211,0
7.397,1.780,13.679,44.545,0.230,1
5.018,0.321,15.111,33.265,0.262,0
5.217,0.227,13.998,21.206,0.142,0
5.260,0.314,17.883,15.054,0.157,0
8.637,0.299,11.337,33.934,0.394,1
4.346,0.283,13.565,19.156,0.164,0
4.580,0.104,14.458,20.838,0.149,0
6.532,0.553,8.753,30.816,0.696,1
